{
  "id": "tiny-hp-monitor",
  "title": "Tiny HP Monitor",
  "description": "Posts a tiny one-line chat message whenever a token's HP, Temp HP, or Temp Max HP changes.",
  "version": "13.01",
  "authors": [{ "name": "nikolai.sw" }],
  "compatibility": { "minimum": "13", "verified": "13" },
  "systems": ["dnd5e"],
  "esmodules": ["scripts/hp-delta.mjs"],
  "styles": ["styles/hp-delta.css"],
  "flags": {},
  "relationships": {},
  "url": "https://github.com/nschoenwald/tiny-hp-monitor",
  "manifest": "https://github.com/nschoenwald/tiny-hp-monitor/releases/download/13.01/module.json",
  "download": "https://github.com/nschoenwald/tiny-hp-monitor/releases/download/13.01/module.zip"
}