{
  "id": "tiny-hp-monitor",
  "title": "Tiny HP Monitor",
  "description": "<p>Posts a tiny one-line chat message whenever a token's HP, Temp HP, or Temp Max HP changes.</p>",
  "version": "13.18",
  "authors": [
    {
      "name": "nikolai.sw",
      "flags": {}
    }
  ],
  "compatibility": {
    "minimum": "13",
    "verified": "13"
  },
  "esmodules": [
    "scripts/tiny-hp-monitor.mjs"
  ],
  "styles": [
    {
      "src": "styles/tiny-hp-monitor.css"
    }
  ],
  "url": "https://github.com/nschoenwald/tiny-hp-monitor",
  "manifest": "https://github.com/nschoenwald/tiny-hp-monitor/releases/latest/download/module.json",
  "download": "https://github.com/nschoenwald/tiny-hp-monitor/releases/latest/download/module.zip",
  "flags": {}
}